{
  "project_info": {
    "project_number": "435442510439",
    "firebase_url": "https://proyecto1-c1651.firebaseio.com",
    "project_id": "proyecto1-c1651",
    "storage_bucket": "proyecto1-c1651.appspot.com"
  },
  "client": [
    {
      "client_info": {
        "mobilesdk_app_id": "1:435442510439:android:775b370da9eb0981c2c2c2",
        "android_client_info": {
          "package_name": "com.example.ladm_u5_ejercico1geomapatec"
        }
      },
      "oauth_client": [
        {
          "client_id": "435442510439-fentmb5smongqar2o3mjjmplc79l48l8.apps.googleusercontent.com",
          "client_type": 3
        }
      ],
      "api_key": [
        {
          "current_key": "AIzaSyBwa5ugOs7dCVUGAi-c6kivoULXxZNrvqE"
        }
      ],
      "services": {
        "appinvite_service": {
          "other_platform_oauth_client": [
            {
              "client_id": "435442510439-fentmb5smongqar2o3mjjmplc79l48l8.apps.googleusercontent.com",
              "client_type": 3
            }
          ]
        }
      }
    },
    {
      "client_info": {
        "mobilesdk_app_id": "1:435442510439:android:89781eb28f6b6ef1c2c2c2",
        "android_client_info": {
          "package_name": "com.example.ladm_u5_practica2_danielahernandez"
        }
      },
      "oauth_client": [
        {
          "client_id": "435442510439-fentmb5smongqar2o3mjjmplc79l48l8.apps.googleusercontent.com",
          "client_type": 3
        }
      ],
      "api_key": [
        {
          "current_key": "AIzaSyBwa5ugOs7dCVUGAi-c6kivoULXxZNrvqE"
        }
      ],
      "services": {
        "appinvite_service": {
          "other_platform_oauth_client": [
            {
              "client_id": "435442510439-fentmb5smongqar2o3mjjmplc79l48l8.apps.googleusercontent.com",
              "client_type": 3
            }
          ]
        }
      }
    }
  ],
  "configuration_version": "1"
}